{
    "hyperparameters": {
        "embedding_size": 128,
        "window_size": 5,
        "num_walks": 5,
        "walk_length": 80
    },
    "metrics": {
        "accuracy_score": 0.8391422121896163,
        "precision_score": 0.8288695652173913,
        "recall_score": 0.8566549833737755,
        "f1_score": 0.842533256728687
    }
}